{"$schema":"http://schema.management.azure.com/schemas/2015-01-01/deploymentTemplate.json#","contentVersion":"1.0.0.0","parameters":{"sample_warehouse":{"type":"string"}},"variables":{},"resources":[{"name":"pl_snapshot","type":"pipelines","apiVersion":"2018-06-01","properties":{"activities":[{"name":"ITERATE_THRU_TASK_IDS","type":"ForEach","dependsOn":[],"typeProperties":{"items":{"value":"@variables('TASK_IDS')","type":"Expression"},"activities":[{"name":"UPDATE_METADATA","type":"Script","dependsOn":[],"policy":{"timeout":"0.12:00:00","retry":0,"retryIntervalInSeconds":30,"secureOutput":false,"secureInput":false},"linkedService":{"name":"sample_warehouse","properties":{"annotations":[],"type":"DataWarehouse","typeProperties":{"endpoint":"dwpbgshdgicevmv2xhwrfh6yam-hgg4xv4ptkse7pco4qgre7rpri.datawarehouse.fabric.microsoft.com","artifactId":"[parameters('sample_warehouse')]","workspaceId":"d7cb8d39-9a8f-4fa4-bc4e-e40d127e2f8a"}}},"typeProperties":{"scripts":[{"type":"NonQuery","text":{"value":"    UPDATE dbo.ETL_TASK_EXECUTION_LOG\n        SET END_TIME = CURRENT_TIMESTAMP,\n            STATUS = 'FAILED',\n            TASK_ERROR_MESSAGE = 'Schema extraction failed'\n        WHERE INSTANCE_ID = 1001\n        AND TASK_ID = @{item()}","type":"Expression"}}],"scriptBlockExecutionTimeout":"02:00:00"}}]}}],"variables":{"TASK_IDS":{"type":"Array","defaultValue":[1,2,3,4,5,6,7,8]}},"lastModifiedByObjectId":"d5f050d0-4cb5-40b5-9b2f-e373409a6b1c","lastPublishTime":"2025-12-23T09:12:18Z"},"dependsOn":[]}]}